{"cameraMode":{"drawMode":0,"name":"Shaded","section":"Shading Mode"},"sceneLighting":true,"audioPlay":false,"sceneViewState":{"m_AlwaysRefresh":false,"showFog":true,"showSkybox":true,"showFlares":true,"showImageEffects":true,"showParticleSystems":true,"showVisualEffectGraphs":true,"m_FxEnabled":true},"in2DMode":false,"pivot":{"x":5.0334062576293949,"y":0.6475393772125244,"z":5.49970006942749},"rotation":{"x":0.005410177633166313,"y":-0.18386569619178773,"z":0.0009904748294502497,"w":0.9830561876296997},"size":3.1138463020324709,"orthographic":false}